날짜,홈페이지주소
09월 01일,http://masf.krhes.boston
09월 01일,con08.nu8w.love 외11건
09월 01일,coz.ul3u.show
09월 01일,https://donate.do/h73t
09월 01일,oabe.fyy8.plus
09월 01일,mp.fnb4.media
09월 01일,http://gilo.iszty.skin
09월 01일,http://gilo.iszty.skin
09월 01일,http://han.gl/UwxiZ
09월 02일,http://sn6d.senlo.plus
09월 02일,on17.er30.love
09월 02일,yang.jeyrg.beauty
09월 02일,http://hgfdh.bsone.kr
09월 02일,http://hg6if.spoet.kr
09월 02일,oanxz.g6ho.cyou
09월 02일,http://vcgytu.kremt.boston
09월 02일,http://lsopfi.zmgec.mobi/
09월 02일,http://unz7a.jeyrg.beauty 
09월 02일,http://t2m.kr/XPvjk
09월 02일,http://dd.malfsms.pro
09월 02일,http://bit.ly/3yL1d4v 
09월 03일,ms.directsemk.com/
09월 03일,http://gfsw2q.bsone.kr
09월 03일,bit.ly/3Q9a47H
09월 03일,https://bit.ly/3OiXOjx
09월 03일,http://tny.im/MzjeQ
09월 04일,http://ling1.yisez.gay
09월 04일,coc.ul3u.show
09월 04일,http://pdtni.vkioz.cn
09월 04일,moy.v69w.saLe 
09월 04일,cc13.aq3L.press
09월 04일,http://hged2.bsone.kr
09월 04일,http://jd7v.yisez.gay 
09월 04일,cco5.cc2x.tax 
09월 04일,nbv.jc6y.Ltd
09월 04일,bit.ly/3PkFHef
09월 04일,moc.v69w.saLe 
09월 04일,cc23.aq3L.press 
09월 04일,http://q3hf.yisez.gay 
09월 04일,cco5.cc2x.tax 
09월 04일,http://op.pongdang.top/gool
09월 04일,cc24.aq3L.press
09월 05일,http://o3jg.yisez.gay
09월 05일,http://t2m.kr/vfMAR
09월 05일,https://donate.do/Z9Ak
09월 05일,http://dokdo.in/xaW
09월 05일,ms.directsemk.com/
09월 05일,http://bit.ly/3PxBJOX
09월 05일,http://www.cjthedmmk.cn/o5t2q4
09월 05일,http://pazqw.crvud.com
09월 06일,nne.fnb4.media
09월 06일,http://gdtc3.bsone.kr 
09월 06일,http://hghh7f.spoet.kr
09월 06일,hhg.kmssnjkk.com/
09월 06일,http://dokdo.in/xaW
09월 06일,https://bit.ly/3AVWkae 
09월 06일,bbs.smrectsemk.com 
09월 06일,https://bit.ly/3z3ZOqa
09월 06일,obr.n61g.group
09월 07일,msk.micesmsk.com
09월 07일,cco5cc2x.tax
09월 07일,http://yang2.yisez.gay
09월 07일,nior.m1xy.tax
09월 07일,iona01.d6lk.biz
09월 07일,cbie.auo4.biz
09월 07일,kkn.smrectsemk.com
09월 07일,noib.j4cg.ltd
09월 07일,ioz.c11.j4cg.ltd
09월 07일,me9.vgx6.biz
09월 07일,noz.uaf4.pink
09월 07일,ioc.w9rd.biz
09월 07일,cco5.aq3L.press
09월 07일,https://donate.do/YqEQ
09월 07일,http://tinyurl.com/yeu46jdm
09월 07일,con01.nu8w.love
09월 07일,msk.micesmsk.com/ 
09월 07일,https://bit.ly/3K1fKOJ 
09월 07일,obxn.z1vg.shop
09월 08일,n08.d6lk.biz
09월 08일,noic.j4cg.ltd
09월 08일,http://han.gl/lFUMe
09월 09일,onr.pep9.press
09월 09일,noz.f6wy.Live 
09월 09일,maobn.q1wy.run
09월 09일,http://mghtjg.kremt.boston
09월 09일,coy12.k4cm.Live 
09월 09일,https://bit.ly/3mQIMqo
09월 09일,cs.directsend.pro
09월 09일,dokdo.in/8t0
09월 09일,moz.f6wy.Live 
09월 09일,coy14.k4cm.Live 
09월 09일,http://bit.ly/3bPVCCN
09월 09일,http://t2m.kr/SPFFj
09월 09일,https://han.gl/Cpasj 
09월 09일,http://funte.qnggt.com
09월 09일,http://zxcfk.zyqfr.com
09월 09일,https://mg.sdfikujh.top
09월 09일,co07.fzn4.wang 
09월 09일,http://vrofj.wwbgh.com
09월 10일,moiy.u3hl.press
09월 10일,noi.f6wy.Live
09월 10일,http://hrwdc.yyzabc.com
09월 10일,coy11.k4cm.Live
09월 10일,xxzo.giwy.group
09월 10일,iob.cpu9.today 
09월 10일,sob.fvs7.today 
09월 10일,nob.f6wy.Live
09월 10일,co11.cpu9.today
09월 10일,https://han.gl/GBGVi
09월 10일,http://fgrit.crvud.com
09월 10일,cn12.fzn4.wang
09월 11일,co15.cpu9.today 
09월 11일,noi.f6wy.Live
09월 11일,https://donate.do/yKGK
09월 11일,tpncc.ggmhd.com
09월 11일,http://bilch.hgyam.com
09월 11일,soz.fvs7.today
09월 11일,https://lrl.kr/b5f5
09월 11일,https://bit.ly/3zYXrFk
09월 11일,http://tny.im/PoAH9
09월 11일,ccx.f53j.email
09월 12일,http://wang1.gtaro.ink
09월 12일,http://bit.ly/3TZLs3D
09월 12일,https://bit.ly/3K7lEhF
09월 12일,http://kaot.gtaro.ink
09월 12일,me2.n4.x4ww.biz
09월 12일,http://uios7.gtaro.ink
09월 12일,http://isnj.gtaro.ink
09월 12일,co13.cpu9.today
09월 12일,bit.ly/3mKx7sx
09월 12일,http://isnj.gtaro.ink
09월 12일,http://uios7.gtaro.ink
09월 12일,http://zhang.gtaro.ink
09월 12일,http://leio.gtaro.ink
09월 12일,http://wang1.gtaro.ink
09월 12일,http://move9.gtaro.ink
09월 12일,http://bit.ly/3IQS1Ax
09월 12일,http://bit.ly/3ocSpQ9
09월 12일,https://han.gl/bzfxt
09월 12일,naa.mgb0.video
09월 13일,ion.me0d.host 
09월 13일,http://wang1.gtaro.ink
09월 13일,http://moisdfhu.ounkr.boston
09월 13일,http://piao1.oehsr.miami 
09월 13일,https://han.gl/bzfxt 
09월 13일,ioa.me0d.host 
09월 13일,https://han.gl/GPbMq
09월 13일,https://han.gl/EhZLV 
09월 13일,http://hg.smslfsm.top
09월 13일,bit.ly/3TZLs3D
09월 14일,ioz.w9rd.biz
09월 14일,on15.dbt1.biz
09월 14일,msk.micesmsk.com
09월 14일,nix.uts2.media
09월 14일,cm.k4cm.Live
09월 14일,sox.fvs7.today
09월 14일,xioz.g1kn.media
09월 14일,noc.pd4x.media 
09월 14일,https://han.gl/EqhEJ
09월 14일,http://bit.ly/3bK31n8
09월 14일,nio.uts2.media
09월 15일,https://han.gl/TIufL
09월 15일,https://bit.ly/3dk8wth
09월 15일,me4.c9.x4ww.biz
09월 15일,https://bit.ly/3c4xr3D
09월 15일,mos.uts2.media
09월 15일,cooa.g1kn.media
09월 15일,inoe.uts2.media
09월 15일,http://mdcb.bsone.kr
09월 15일,http://vusid.townr.kr
09월 15일,bbs.jsnjaoms.com 
09월 15일,https://han.gl/GPbMq
09월 15일,https://han.gl/TIufL
09월 15일,https://han.gl/EqhEJ
09월 15일,https://han.gl/TIufL
09월 15일,https://bit.ly/3dk8wth 
09월 15일,http://bit.ly/3aITj3E
09월 15일,http://bit.ly/3yIXR2g
09월 15일,https://han.gl/EqhEJ
09월 15일,https://bit.ly/3C6nygv
09월 16일,https://bit.ly/3dk8wth 
09월 16일,ioe.me0d.host
09월 16일,http://ryght.kremt.boston 
09월 16일,nnix.o6cu.media
09월 16일,yudi9.sertz.blog
09월 16일,https://han.gl/yRkaN
09월 16일,https://han.gl/bzfxt
09월 16일,ws.cjmskmm.com
09월 16일,http://han.gl/HxEdo
09월 16일,http://op.pongdang.top/vf9il0
09월 16일,moay.ytjn.tech
09월 17일,oiac.cdf0.shop
09월 17일,me29.vgx6.biz
09월 17일,http://diy9.suzit.uno 
09월 17일,http://poiex.nftsout.com 
09월 17일,http://lpec.tokfe.com 
09월 17일,http://poiex.nftsout.com
09월 17일,http://poiex.nftsout.com 
09월 17일,http://tbopf.suzit.uno
09월 17일,http://ervs.tokfe.com 
09월 17일,http://bit.ly/3aITj3E
09월 17일,http://han.gl/FXWWH
09월 17일,http://xs.cjsmskk.com
09월 17일,http://diy9.suzit.uno 
09월 17일,http://nfswz.nftsout.com 
09월 17일,http://ervs.tokfe.com 
09월 17일,https://url.vet/98aeb
09월 18일,https://han.gl/CUfWk 
09월 18일,ccox.oy0t.live 
09월 18일,http://ervs.tokfe.com 
09월 18일,http://poiex.nftsout.com
09월 18일,http://nfswz.nftsout.com 
09월 18일,http://gkm.balsongsa.top/qqvhgq
09월 18일,http://tbopf.suzit.uno
09월 18일,ionb.j4sv.live 
09월 18일,iony.j4sv.live 
09월 18일,nioa.dm2j.live 
09월 18일,niox.uji3.live
09월 18일,ccoy.oy0t.live 
09월 18일,ccoy.oy0t.live
09월 18일,niox.uji3.live
09월 18일,http://bit.ly/3N0tqcF
09월 19일,me23.vgxb.biz
09월 19일,http://nfswz.nftsout.com 
09월 19일,http://tbopf.Suzit.uno
09월 19일,http://ervs.tokfe.com 
09월 19일,jonz.j4sv.live
09월 19일,https://han.gl/lgmNa
09월 19일,http://txbws.nftsout.com 
09월 19일,nnr.cpu9.today
09월 19일,noir.j4sv.live
09월 19일,http://tbopf.suzit.uno
09월 19일,noy.vv4r.live
09월 19일,cox.b4nu.live
09월 19일,nnbc.j4sv.live 
09월 19일,ccob.oy0t.live 
09월 19일,http://hrcw.nftsout.com 
09월 19일,niox.uji3.live
09월 19일,nne.y6ix.media
09월 19일,noz.bg5n.live 
09월 19일,http://han.gl/HshTK
09월 20일,bit.ly/VSBjikas
09월 20일,cx.oc0w.link 
09월 20일,n12.d6lk.biz
09월 20일,ioz.bg5n.live 
09월 20일,coa.e5vx.pro 
09월 20일,oiy.nvv2.pro 
09월 20일,xir.b7ta.link 
09월 20일,noie.j4sv.live
09월 20일,me2.n3.x4ww.biz
09월 20일,http://nfswz.nftsout.com
09월 20일,han.gl/fBtrg
09월 20일,bit.ly/VSBjikas 
09월 20일,https://han.gl/FGGduI
09월 20일,http://rtygh.yyzabc.com
09월 20일,han.gl/fBtrg 
09월 20일,https://bit.ly/VSBjikas
09월 20일,https://han.gl/FGGduI 
09월 20일,bit.ly/VSBjikas
09월 20일,https://han.gl/EqhEJ 
09월 20일,http://bit.ly/VSBjikas
09월 21일,jonz.j4sv.live 
09월 21일,bbc.munnjassm.com/
09월 21일,http://erzdfui.ounkr.boston
09월 21일,xir.b7ta.link
09월 21일,http://tbopf.suzit.uno
09월 21일,https://bit.ly/3AVWkae
09월 21일,nns.halfsmsbn.com
09월 21일,bbc.munnjassm.com/
09월 21일,https://han.gl/EqhEJ
09월 21일,https://bbc.munnjassm.com/
09월 21일,bbc.munnjassm.com/ 
09월 21일,nns.halfsmsbn.com
09월 21일,http://km.cjthesdophh.com/z9fgzh
09월 21일,http://yqclc.ggmhd.com
09월 21일,cc03.auo4.biz
09월 22일,c05.d6lk.biz
09월 22일,cop.y4z7.cash 외 27건
09월 22일,as.trqi.ltd
09월 22일,oix.h5ts.cash 
09월 22일,ony.yf3q.cash 
09월 22일,http://hrcw.nftsout.com
09월 22일,cm.k4cm.Live
09월 22일,http://tbopf.suzit.uno
09월 22일,oix.nvv2.pro
09월 22일,moo.v69w.saLe
09월 22일,nns.tzh0.cash
09월 22일,http://bit.ly/3yIXR2g
09월 22일,http://op.pongdang.top/vf9il0
09월 22일,oim.h5ts.cash
09월 22일,cy.cqp2.cash
09월 23일,nnb.tzh0.cash 
09월 23일,xion.dn6t.cash 외
09월 23일,nniy.v4tz.cash 
09월 23일,mib.jc6d.cash 
09월 23일,http://nfswz.nftsout.com
09월 23일,https://han.gl/RWipY
09월 23일,han.gl/sgMlA
09월 24일,oni.yf3q.cash
09월 24일,cor.dn6t.cash
09월 24일,http://txbws.nftsout.com
09월 24일,mox.t1ac.cyou
09월 24일,ccn.i6jg.cash 
09월 24일,coni.e4fg.cash 
09월 24일,http://dokdo.in/xaW
09월 24일,http://tbopf.suzit.uno
09월 24일,coir.e4fg.cash 
09월 24일,coim.e4fg.cash 
09월 24일,mic.i6jg.cash 
09월 24일,nnp.i6jg.cash
09월 24일,obo.i6jg.cash
09월 25일,bom.i6jg.cash 
09월 25일,ccx.t3tu.cash 
09월 25일,niob.e4fg.cash 
09월 25일,nim.pd3b.cash 
09월 25일,xox.do7u.cash 
09월 25일,mor.hkn2.cash 
09월 25일,cam.s3xy.cash 
09월 25일,obm.fnb4.media
09월 25일,cbim.e4fg.cash
09월 25일,obm.i6jg.cash 
09월 25일,ccm.t3tu.cash 
09월 25일,sioz.pd3b.cash 
09월 25일,bioz.hkn2.cash
09월 25일,dioy.s3xy.cash 
09월 25일,http://bit.ly/31bBxkx 
09월 25일,https://han.gl/Cpasj 
09월 25일,http://dgb.trisyssm.top/szxz0u
09월 25일,https://han.gl/mUvXE
09월 25일,obx.pd3b.cash
09월 26일,http://uo3.wpxze.com?y1rgd
09월 26일,soe.s3xy.cash 
09월 26일,bioe.hkn2.cash 
09월 26일,nin.pd3b.cash
09월 26일,ccb.t3tu.cash
09월 26일,xoic.e4fg.cash
09월 26일,http://66r1.wpxze.com?am8qmw
09월 26일,mbar.kwu0.live
09월 26일,http://pk.wpxze.com?quwu33
09월 27일,http://w.xsxwq.com?76jnxg
09월 27일,zo1.ul3u.show
09월 27일,oir.nvv2.pro
09월 27일,nin.b7ta.link
09월 27일,ionr.j4sv.live
09월 27일,http://htscw.bsone.kr
09월 27일,ccnr.dzw1.city 
09월 27일,box.i6jg.cash
09월 27일,bit.ly/3bPVCCN
09월 27일,xsxwq.com?
09월 27일,http://ztu.xsxwq.com?u8qc5m 
09월 27일,http://z8v.wpxze.com?r 
09월 27일,bit.ly/3RkQWU2
09월 27일,boz.y5z7.cash
09월 27일,con01.nu8w.love
09월 27일,bit.ly/3RkQWU2
09월 27일,xsxwq.com?
09월 27일,http://or1.xsxwq.com?0ycl 
09월 27일,bit.ly/3RkQWU2 
09월 27일,http://fds.cjthemadm.com/cqv6ux
09월 27일,http://69fd.xsxwq.com?y3pl
09월 27일,http://mv0i.xsxwq.com?q1ro 
09월 28일,https://bit.ly/3dMVNQ7
09월 28일,oia.pd3b.cash 
09월 28일,ccn.t3tu.cash
09월 28일,non.hkn2.cash
09월 28일,conp.e4fg.cash
09월 28일,oio.pd3b.cash
09월 28일,bix.jhb4.beer 
09월 28일,ccr.kl27.beer 
09월 28일,ssx.f8ds.beer 
09월 28일,http://ospdj.townr.kr
09월 28일,coin.e4fg.cash
09월 28일,http://opz.etkop.pro
09월 28일,http://l1.xsxwq.com?ctbx 
09월 28일,ssa.f8ds.beer
09월 28일,xxn.kl27.beer
09월 28일,oixn.f8ds.beer
09월 28일,https://bit.ly/3dMVNQ7 
09월 28일,http://h5p7.xsxwq.com?q7lcu
09월 28일,bit.ly/3dMVNQ7 
09월 28일,cnn.s8h3.chat 
09월 28일,https://si.sjdww.top
09월 28일,http://han.gl/RKZrf 
09월 29일,ccm.y9ro.today 
09월 29일,ccoz.e4fg.cash
09월 29일,doe.jhb4.beer
09월 29일,nnc.t3tu.cash
09월 29일,me.sx0p.site
09월 29일,https://bit.ly/3dMVNQ7
09월 29일,https://han.gl/nUtyx
09월 29일,https://bit.ly/3dMVNQ7
09월 29일,https://han.gl/nUtyx
09월 29일,http://han.gl/xgBWT
09월 29일,http://bit.ly/3cdMV5b 
09월 29일,http://mn.msmanis.com
09월 29일,http://url.kr/LbepWC
09월 29일,xxm.kl27.beer
09월 30일,nix.d6rj.city
09월 30일,moa.hkn2.cash 
09월 30일,han.gl/TsxaK
09월 30일,han.gl/DuWrL
09월 30일,https://han.gl/EqhEJ 
09월 30일,http://han.gl/GZAOc
10월 01일,http://rol4.flixt.bid
10월 01일,http://rol4.flixt.bid
10월 01일,http://okr.khabk.com
10월 01일,http://okr.leshengsmart.com
10월 01일,sor.s3xy.cash
10월 01일,xbz.d9r3.media 
10월 01일,http://okr.leshengsmart.com 
10월 01일,http://okr.khabk.com 
10월 01일,http://okr.flixt.bid 
10월 01일,ws.kmediajob.info
10월 01일,http://di.xsxwq.com?a6fp
10월 01일,xn.d9r3.media
10월 01일,https://donate.do/DyPD
10월 01일,http://okr.leshengsmart.com
10월 01일,http://boil.flixt.bid 
10월 01일,xbx.d9r3.media 
10월 01일,http://mexr.leshengsmart.com
10월 01일,http://okr.khabk.com 
10월 01일,http://boil.flixt.bid 
10월 01일,https://bit.ly/3QPEJXK
10월 01일,http://bloa.leshengsmart.com 
10월 01일,http://yuvs.nxkfe.us
10월 01일,http://hrhev.xmhes.us
10월 01일,www.kakaobank.cc 
10월 01일,www.kakaoibank.com
10월 02일,http://kjgrc.ohi.gen.in
10월 02일,http://jrtd.leshengsmart.com
10월 02일,http://grdr.hone.gen.in 
10월 02일,dioe.d9r3.media 
10월 02일,ccp.kl27.beer
10월 02일,http://uise1.lpcti.ltd
10월 02일,onx.nty5.media 
10월 02일,non.vv4r.live
10월 02일,http://yuvs.nxkfe.us
10월 02일,http://fimol.flixt.bid
10월 02일,nioa.e4fg.cash
10월 02일,http://okr.leshengsmart.com
10월 02일,http://jrfwe.ohi.gen.in 
10월 02일,oni.nty5.media 
10월 02일,http://bit.ly/3AMYwSN
10월 02일,iox.ra34.city
10월 02일,http://uise1.lpcti.ltd
10월 02일,ioz.nty5.media
10월 03일,http://asx1.rcloi.gay
10월 03일,http://gvlo7.opxzs.gay
10월 03일,http://dkip5.tbkoi.gay
10월 03일,http://hcwze.nxkfe.us
10월 03일,http://hgrfg.uiloz.gay 
10월 03일,snz.ze7o.media 
10월 03일,http://mexr.leshengsmart.com
10월 03일,http://grdr.ung.gen.in
10월 03일,http://5fxv.nstu.miami 
10월 03일,onb.nty5.media 
10월 03일,oix.d9r3.media 
10월 03일,http://ropi1.eckio.gay 
10월 03일,http://uos1.waiok.gay 
10월 03일,http://k6tf.hsnu.miami 
10월 03일,http://waok1.ikozs.gay 
10월 03일,http://vrtb5.opxzs.gay 
10월 03일,http://tjuy5.rcloi.gay 
10월 03일,http://hrerx.oinr.miami 
10월 03일,http://hget.ponw.miami 
10월 03일,http://koie.lsnm.miami 
10월 03일,http://xlop6.yxlio.gay 
10월 03일,http://nfdwx.soue.miami 
10월 03일,http://zsao3.tbkoi.gay 
10월 03일,http://jras.einb.miami 
10월 03일,http://zsvd.dnow.miami 
10월 03일,http://ofad.nshi.miami 
10월 03일,http://jterc.ontr.miami 
10월 03일,http://zuiw.eibx.miami 
10월 03일,http://kycn.tsbf.miami 
10월 03일,http://nvfwx.zuwk.miami 
10월 03일,http://unbd.xiys.miami 
10월 03일,http://y5df.ontc.miami 
10월 03일,http://ndmrc.usen.miami 
10월 03일,nxx.vs3a.media 
10월 03일,sz.m7uc.media 
10월 03일,ony.io3v.media 
10월 03일,http://sjez.gskw.miami 
10월 03일,http://trswzr.sugy.miami 
10월 03일,http://yysd.bmne.miami 
10월 03일,nxn.vs3a.media
10월 03일,http://hilo4.ikozs.gay 
10월 03일,http://rci2.yxlio.gay 
10월 03일,http://unbd.xiys.miami 
10월 03일,http://btrp3.opxzs.gay 
10월 03일,http://jtfv.uiloz.gay 
10월 03일,http://kyde.hsnu.miami 
10월 03일,http://fgfv.ontc.miami 
10월 03일,http://fgfv.soue.miami 
10월 03일,http://rtew2.dnow.miami 
10월 03일,http://jsasw.gskw.miami 
10월 03일,http://bre3.waiok.gay 
10월 03일,http://btza2.eckio.gay 
10월 03일,http://hget.oinr.miami 
10월 03일,http://dnrg2.rcloi.gay 
10월 03일,http://dfw.ontr.miami 
10월 03일,http://jhdeq.zuwk.miami 
10월 03일,http://jgyh.nshi.miami 
10월 03일,http://qing4.tbkoi.gay 
10월 03일,http://waok1.ikozs.gay
10월 03일,http://jtdd.xiys.miami
10월 03일,http://nfdz.dnow.miami
10월 03일,http://jtwex.usen.miami
10월 03일,http://jterc.ontr.miami
10월 03일,one.io3v.media 
10월 03일,nxb.vs3a.media 
10월 03일,http://h3.bmne.miami 
10월 03일,http://jtfv.uiloz.gay 
10월 03일,http://jtfe3.hsnu.miami 
10월 03일,snz.ze7o.media 
10월 03일,or.m7uc.media 
10월 03일,http://bs.smhkmm.top
10월 03일,http://bit.ly/2VbvRo4
10월 03일,http://dzko5.ikozs.gay
10월 03일,http://kopa3.yxlio.gay
10월 03일,http://dsage.gskw.miami
10월 03일,http://sgja.dnow.miami
10월 03일,http://ktfc.ontc.miami
10월 03일,http://100w.zuwk.miami
10월 03일,con.vs3a.media
10월 03일,http://hcwze.nxkfe.us
10월 03일,http://hget.oinr.miami
10월 03일,http://hre2.nshi.miami
10월 03일,http://yysd.bmne.miami
10월 03일,ior.nty5.media
10월 03일,http://he2s.sugy.miami 
10월 03일,http://totoz.eibx.miami 
10월 04일,http://hdc.nmgoe.us
10월 04일,nnt.y9ro.today
10월 04일,ccn.y9ro.today
10월 04일,http://xbvd.nftsout.com 
10월 04일,xm.d9r3.media
10월 04일,http://htre2.filxt.bid
10월 04일,http://hgdebs.eovmw.us
10월 04일,http://hrsdc.nidoc.gen.in 
10월 04일,http://xguo.kimsh.win
10월 04일,http://sxo2.dconz.ltd
10월 04일,http://dco5.cioat.win
10월 04일,http://kyedc.agenqi.com
10월 04일,http://kyucv.jiguangsiwa.com
10월 04일,http://fgfv.ontc.miami 
10월 04일,http://kjtde.xiys.miami 
10월 04일,http://jhysx.usen.miami 
10월 04일,http://okgu1.tbkoi.gay
10월 04일,http://koie.lsnm.miami
10월 04일,http://a1.bmne.miami 
10월 04일,http://totoz.eibx.miami
10월 04일,http://sjez.gskw.miami
10월 04일,http://kycn.tsbf.miami 
10월 04일,www.kakaoibank.com
10월 04일,http://www.hairsoldkm.pro/z9uw30
10월 04일,http://bit.ly/39yn72A 
10월 04일,http://han.gl/uUfLH
10월 04일,http://mjhf.usen.miami
10월 04일,yaba.nxsr.work
10월 05일,http://ghdfg.zyfudeng.com
10월 05일,http://hgfsaq.dnow.miami 
10월 05일,http://easdf.bmne.miami 
10월 05일,http://jydg.gskw.miami 
10월 05일,http://tfew12.sugy.miami 
10월 05일,http://kyfx.xiys.miami 
10월 05일,http://jras.einb.miami 
10월 05일,http;//zuiw.eibx.miami 
10월 05일,http;//koielsnm.miami
10월 05일,http://jhrex.ontr.miami
10월 05일,http://mjhf.usen.miami
10월 05일,http://j6td.ontc.miami
10월 05일,http://hget.ponw.miami
10월 05일,http://jyts.zuwk.miami
10월 05일,ccx.f7vm.green 
10월 05일,xbz.d9r3.media 
10월 05일,ssy.t8tp.green 
10월 05일,http://esao3.ikozs.gay
10월 05일,ccor.qkb9.green 
10월 05일,oyz.cf9a.green 
10월 05일,nna.v5hj.green 
10월 05일,ns.foz2.work
10월 05일,http://sdash.gskw.miami
10월 05일,mx.uqf0.green 
10월 05일,onr.io3v.media
10월 05일,xxm.kl27.beer
10월 05일,www.zrr.kr/p2by 
10월 05일,www.zrr.kr/BT69 
10월 05일,xxn.t8tp.green
10월 05일,https://han.gl/Cpasj
10월 05일,https://han.gl/MIySt
10월 05일,mv.uqf0.green
10월 06일,http://nmex.oksn.miami
10월 06일,http://4somw.kndo.miami
10월 06일,http://kolz3.xnkr.miami
10월 06일,ssx.t8tp.green
10월 06일,nios.d9r3.media
10월 06일,iop.me0d.host
10월 06일,ox.f7vm.green
10월 06일,mr.uqf0.green
10월 06일,http://dfnt4.xnkr.miami
10월 06일,http://hgfddf.kndo.miami 
10월 06일,iozy.ys6d.media 
10월 06일,http://han.gl/holYR 
10월 06일,http://bit.ly/3aITj3E 
10월 06일,onyas.h3v9.ink
10월 06일,ni12.ul3u.show
10월 06일,http://ston.dgef.miami
10월 06일,on18.ys6d.media 
10월 07일,http://yuds1.oiwm.miami
10월 07일,http://ghr3.ztex.miami
10월 07일,http://rvol6.rkioz.quest
10월 07일,http://esao3.ikozs.gay
10월 07일,http://gtre.sugy.miami 
10월 07일,http://fdwd.nshi.miami 
10월 07일,http://j5df.ontc.miami 
10월 07일,ioc.d9r.media 
10월 07일,http://gfwcb.gskw.miami
10월 07일,http://yysd.bmne.miami
10월 07일,http://hrerx.oinr.miami
10월 07일,http://ahras.dnow.miami
10월 07일,http://uos1.waiok.gay
10월 07일,http://bsdcb3.xohe.press 
10월 07일,http://rvol6.rkioz.quest 
10월 07일,http://sxwc1.xnkr.miami 
10월 07일,http://jtdc.kndo.miami 
10월 07일,http://hgde2.hsno.press 
10월 07일,http://nmex.oksn.miami 
10월 07일,http://ogsc3.oiwm.miami 
10월 07일,http://fyn1.ztex.miami 
10월 07일,http://ghsw2.lmwe.press 
10월 07일,http://grgt.nmeo.press 
10월 07일,http://hrcw.nftsout.com
10월 07일,http://wuki3.lopzr.quest
10월 07일,bineane.com 
10월 07일,www.kakaobank.cc
10월 07일,http://fyn1.ztex.miami 
10월 07일,http://nmex.oksn.miami 
10월 07일,http://kjrc.hsno.press 
10월 07일,http://bsdcb3.xohe.press
10월 07일,http://ghsw2.lmwe.press 
10월 07일,http://wuki3.lopzr.quest 
10월 07일,http://ghr3.ztex.miami 
10월 07일,http://3hecx.kndo.miami
10월 07일,http://a2dg.oiwm.miami 
10월 07일,http://rvol6.rkioz.quest 
10월 07일,http://ktys.dnow.miami
10월 07일,bineane.com
10월 07일,http://kjrc.hsno.press
10월 07일,bineane.com
10월 07일,http://ws.cjmskmm.com 
10월 07일,http://2fdgs.kndo.miami
10월 07일,ne.hwm8.top
10월 07일,http://ufwx.nmeo.press
10월 07일,ccna.uveq.space
10월 07일,bineane.com
10월 08일,biox.p4wi.media
10월 08일,http://htdg.tsbf.miami
10월 08일,on17.ys6d.media
10월 08일,onr.io3v.media
10월 08일,cn.p5rp.media 
10월 08일,http://htw1.zrhc.miami 
10월 08일,http://grgt.zbfe.miami 
10월 08일,http://sdzfb.fkopz.agency
10월 08일,http://hgrcv.lmwe.press
10월 08일,http://htfer.ontr.miami
10월 08일,cb.p5rp.media
10월 08일,http://yr4d.zrhc.miami
10월 08일,http://grgt.zbfe.miami
10월 08일,https://han.gl/riKkb
10월 08일,http://bit.ly/3bhBJUH
10월 08일,cz.p5rp.media
10월 08일,http://htw1.zrhc.miami
10월 08일,http://gfrdc.nsoe.skin  
10월 08일,http://hudcv.novt.casa
10월 08일,http://pkio1.aetop.hair
10월 08일,http://tnybd.fkopz.agency 
10월 09일,cc07.s7br.cash 
10월 09일,coaz.y6ix.media
10월 09일,http://evsrs.fkopz.agency
10월 09일,http://fdge.zrhc.miami 
10월 09일,http://fdrwx.nsoe.skin 
10월 09일,http://gft.nmeo.press
10월 09일,http://grgt.zbfe.miami
10월 09일,http://hjtdwz.ung.gen.in
10월 09일,http://irgs.einb.miami
10월 09일,http://jfbec.cxoy.casa
10월 09일,http://kjrc.hsno.press
10월 09일,http://kyedc.agenqi.com
10월 09일,http://okr.flixt.bid
10월 09일,http://pkio1.aetop.hair 
10월 09일,nna.qd9m.cash 
10월 09일,bit.ly/3yVGET3
10월 09일,http://pldth.fkopz.agency 
10월 09일,http://ge2a.gskw.miami
10월 09일,http://ogsc3.oiwm.miami
10월 09일,http://nfdwx.soue.miami
10월 09일,cc08.s7br.cash 
10월 09일,nnx.qd9m.cash
10월 09일,http://bit.ly/3pIgX5K
10월 09일,http://dbtik.fkopz.agency
10월 09일,ckiop.josys.wiki 
10월 09일,cc04.s7br.cash
10월 09일,by04.z8oq.pet
10월 10일,http://htw1.zrhc.miami
10월 10일,http://jtde2.zbfe.miami
10월 10일,ccx.qd9m.cash 
10월 10일,https://url.vet/avf48
10월 10일,xxb6.ptd3.pet 
10월 10일,cce.ef4l.cash
10월 10일,http://hudcv.novt.casa
10월 10일,http://fdrwx.nsoe.skin
10월 10일,http://evsrs.fkopz.agency
10월 10일,http://fgedd.xnhs.hair
10월 10일,http://y5df.ontc.miami
10월 10일,http://ktys.dnow.miami
10월 10일,http://fgedd.xnhs.hair 
10월 10일,vvd.kbsdkoim.top
10월 10일,xxba.ptd3.pet 
10월 10일,http://xs.cjsmskk.com
10월 10일,http://han.gl/RVseX
10월 10일,https://bit.ly/3SYfEvx
10월 10일,nn17.oi3q.pet
10월 10일,miob.i6uy.pet
10월 10일,coy04.ct9i.pet
10월 10일,http://dbtgv.umdv.hair
10월 10일,ssix.gt6o.pet
10월 10일,http://hghgf.oeic.hair
10월 11일,http://jkrc.oeic.hair 
10월 11일,http://jfrdvs.umdv.hair 
10월 11일,ccm.qd9m.cash
10월 11일,cc03.it6u.media
10월 11일,http://jhgf3.znie.agency 
10월 11일,http://hgefb3.xnud.uno 
10월 11일,http://hjgde.zoeu.uno 
10월 11일,http://jdwxvw.nson.skin 
10월 11일,http://jhgr3.tinx.quest
10월 11일,http://gjrex.sorw.quest
10월 11일,http://uolz9.ption.beauty 
10월 11일,xxbz.ptd3.pet 
10월 11일,http://tbopf.suzit.uno
10월 11일,http://jfrdvs.umdv.hair 
10월 11일,http://jexgr.xnud.uno 
10월 11일,http://jyfvs.zoeu.uno 
10월 11일,http://vxfe.znie.agency 
10월 11일,http://hgefb3.xnud.uno 
10월 11일,http://yufsv3.zoeu.uno 
10월 11일,http://bit.ly/3PqapT4 
10월 11일,http://han.gl/MCjZz
10월 11일,http://gdfex.nsht.skin
10월 11일,http://jkrc.oeic.hair
10월 11일,http://gydfd.nson.skin
10월 11일,http://jfrdvs.umdv.hair
10월 11일,http://jfsdc.zoeu.uno
10월 11일,http://hgefb3.xnud.uno 
10월 11일,http://vxfe.znie.agency
10월 11일,http://jhgr3.tinx.quest 
10월 11일,http://gjrex.sorw.quest 
10월 12일,http://wuzlp.dxtzc.com
10월 12일,http://hioz2.ption.beauty
10월 12일,http://hfdg.okdu.casa
10월 12일,ccb.qd9m.cash 
10월 12일,http://azhye.umdv.hair 
10월 12일,http://hjkfdc.tinx.quest 
10월 12일,http://kfsjf.sorw.quest 
10월 12일,http://sgvec.xnhs.hair
10월 12일,http://sewf1.sugy.miami
10월 12일,http://jtdexv.ohi.gen.in
10월 12일,http://gydfd.nson.skin 
10월 12일,http://gfdg.bcyj.casa 
10월 12일,http://dg.okdu.casa 
10월 12일,http://hjfw.nxkfe.us
10월 12일,http://kolz3.xnkr.miami
10월 12일,http://okgu1.tbkoi.gay
10월 12일,http://hfdg.okdu.casa
10월 12일,http://herw.xnud.uno
10월 12일,http://yufsv3.zoeu.uno
10월 12일,http://hjkfdc.tinx.quest
10월 12일,http://hjfffe3.sorw.quest
10월 12일,http://xlop6.yxlio.gay
10월 12일,http://tjuy5.rcloi.gay
10월 12일,http://gfdg.bcyj.casa 
10월 12일,http://bit.ly/3Ht5XzQ
10월 12일,http://bit.ly/3ocSpQ9
10월 12일,http://han.gl/MCjZz
10월 12일,http://bit.ly/3ICCuUJ
10월 12일,http://god.cjthemarks.top/sgfk
10월 12일,http://gfdg.bcyj.casa 
10월 12일,ion15.a2wi.pet
10월 12일,http://ac04.ty2t.pet 
10월 13일,http://m13.d9sw.pet 
10월 13일,http://hjkfdc.tinx.quest
10월 13일,http://kyde.hsnu.miami
10월 13일,http://c021.rid1.pet 
10월 13일,http://ac05.ty2t.pet 
10월 13일,http://m19.d9sw.pet 
10월 13일,http://twcvx.umdv.hair 
10월 13일,ccr.ef4l.cash
10월 13일,http://ap12.ty2t.pet
10월 13일,http://jexgr.xnud.uno
10월 13일,http://hget.ponw.miami
10월 13일,http://gfrwz.noex.skin
10월 13일,http://hudcv.novt.casa
10월 13일,http://hdxv.zisu.skin
10월 13일,http://uio2.fkopz.agency 
10월 13일,http://avnf.xnhs.hair 
10월 13일,http://twcvx.umdv.hair 
10월 13일,http://mfsdcv.newu.hair 
10월 13일,http://bcxsg.oeic.hair 
10월 13일,ssz.tq1y.media
10월 13일,http://jdwxvw.nson.skin
10월 13일,http://fvoy1.fkopz.agency
10월 13일,xxn.tq1y.media
10월 13일,http://n07.wsc7.pet 
10월 14일,http://ucsc.krsx.gay
10월 14일,http://gdfex.nsht.skin
10월 14일,http://gydfd.nson.skin
10월 14일,http://jfsdc.zoeu.uno 
10월 14일,http://jexgr.xnud.uno 
10월 14일,http://dggd.poie.agency
10월 14일,http://hgsfhrx.tinx.quest
10월 14일,http://m19.f80v.pet 
10월 14일,http://n09.wsc7.pet 
10월 14일,nn09.fdx6.cash
10월 14일,http://s14.ty2t.pet 
10월 14일,http://dbtgv.umdv.hair 
10월 14일,ftsew.otaez.today 
10월 14일,http://fggdf.onsh.casa 
10월 14일,https://me2.kr/t3vmq 
10월 14일,http://hghgf.oeic.hair 
10월 14일,http://m05.d9sw.pet
10월 14일,https://bit.ly/3g1ysem
10월 14일,http://dggd.poie.agency
10월 14일,http://hrf.xiys.miami
10월 14일,http://n06.wsc7.pet 
10월 14일,https://bit.ly/3g1ysem
10월 14일,https://bit.ly/3MGJx06
10월 14일,https://bit.ly/3g1ysem
10월 14일,http://m22.f80v.pet 
10월 15일,http://jhxaq.nxoe.hair
10월 15일,http://hgbdv.wogi.hair
10월 15일,http://erbst.fkopz.agency
10월 15일,http://winy1.ndtre.life
10월 15일,http://jtde2.zbfe.miami
10월 15일,http://cy02.wsc7.pet
10월 15일,http://cy02.ofc6.pet
10월 15일,http://ucsc.krsx.gay
10월 15일,http://hdfsf.wogi.hair 
10월 15일,http://hjtff.nxoe.hair 
10월 15일,http://cy02.ofc6.pet
10월 15일,http://cy11.vhf7.pet
10월 15일,http://htrdv.xnhs.hair
10월 15일,http://jhgvd.wogi.hair 
10월 15일,http://jkdfwx.nxoe.hair
10월 15일,http://cy13.vhf7.pet 
10월 15일,http://kjggv.wogi.hair
10월 15일,http://cy04.ofc6.pet
10월 15일,https://han.gl/HIAom
10월 15일,http://t2m.kr/a6VsJ
10월 16일,http://ukxt6.clrhk.quest
10월 16일,http://hrxc.usoe.hair
10월 16일,http://gujxw.xmue.hair
10월 16일,http://fdsfw23.xmue.hair 
10월 16일,http://hgbdv.wogi.hair 
10월 16일,http://hgfdv.nxoe.hair 
10월 16일,http://jhfexw.usoe.hair
10월 16일,http://hjddde.sorw.quest
10월 16일,http://sjez.gskw.miami
10월 16일,https://cutt.ly/xBOT1LD
10월 16일,http://hjftg.poen.hair 
10월 16일,http://kjyecx.uenx.hair 
10월 16일,http://txkoi.olpzs.beauty
10월 16일,http://ghcvx.pinb.hair 
10월 16일,http://fggdd.sxue.hair 
10월 16일,http://sebr.emlgy.quest 
10월 16일,http://gfdffsorw.quest
10월 16일,http://senbz.rsikz.beauty 
10월 16일,http://ston.dgef.miami
10월 16일,http://jkhesd.nwix.website 
10월 16일,http://jrfwe.ohi.gen.in
10월 16일,http://jfded.oenm.website 
10월 16일,http://dkio.mulan.ink
10월 16일,zoc.s3xy.cash
10월 16일,http://m05.swo4.pet 
10월 16일,http://m09.h2it.bLack 
10월 16일,http://seno.wsxoi.ltd
10월 16일,http://fpyct.mtzpk.com
10월 16일,http://m25.h2it.bLack
10월 16일,http://hjgv.wogi.hair 
10월 16일,http://hgfdv.nxoe.hair 
10월 16일,http://jy5dv.uenx.hair 
10월 16일,http://ckop1.olpzs.beauty 
10월 16일,http://hjftg.poen.hair 
10월 16일,http://ksxty.emlgy.quest 
10월 16일,http://hggf3.sxue.hair 
10월 16일,http://ghcvx.pinb.hair 
10월 16일,http://sdnrt.rsikz.beauty 
10월 16일,http://vfioz.clrhk.quest 
10월 16일,http://jkhesd.nwix.website 
10월 16일,http://ghfgx.oenm.website 
10월 16일,http://hrtrf.uenx.hair 
10월 16일,http://yklo8.olpzs.beauty 
10월 16일,http://h52s.poen.hair 
10월 16일,http://hloic.emlgy.quest 
10월 16일,http://ghcvx.pinb.hair 
10월 16일,http://vfioz.clrhk.quest 
10월 16일,http://jfdwx.sxue.hair
10월 16일,http://gfhnx.rsikz.beauty
10월 16일,http://jkhesd.nwix.website 
10월 16일,http://jhgfdf.oenm.website 
10월 16일,http://cy06.swo4.pet 
10월 16일,http://m26.h2it.bLack 
10월 16일,http://bit.ly/3AMYwSN
10월 16일,http://han.gl/hYkEY
10월 16일,https://han.gl/UyWhY
10월 17일,ccr.i1xn.pet 
10월 17일,nnop.djv3.pet 
10월 17일,io6.my6a.pet 
10월 17일,http://fgecv.bcyj.casa 
10월 17일,http://oldtz.fkopz.agency
10월 17일,http://m15.d9sw.pet
10월 17일,http://s03.ty2t.pet 
10월 17일,http://by08.rid1.pet 
10월 17일,http://ps13.zu6l.pet
10월 17일,http://m05.f80v.pet
10월 17일,noz.ga4a.pet
10월 17일,http://fghfddf.bgsi.hair 
10월 17일,gdsddf.svyw.hair 
10월 17일,http://jgffdgd.rinz.asia 
10월 17일,http://dsdsw.xnya.skin 
10월 17일,http://jhfcds.unsc.asia 
10월 17일,http://zikol9.olpzs.beauty
10월 17일,http://rtmyd.emlgy.quest
10월 17일,http://hddsdd.pwoi.skin 
10월 17일,http://hffbx.xuty.beauty
10월 17일,http://m07.h2it.bLack 
10월 17일,xxv.tq1y.media
10월 17일,http://fgdgs.xuty.beauty 
10월 17일,http://ktffwd.nwix.website
10월 17일,http://cy03.swo4.pet 
10월 17일,http://4somw.kndo.miami
10월 17일,http://by05.gt3o.bLack
10월 17일,http://dsdfgfs.bgsi.hair
10월 17일,http://jhgbd.nwix.website 
10월 17일,http://fgdgs.xuty.beauty
10월 17일,http://bit.ly/3nR0MR9
10월 17일,https://han.gl/UyWhY
10월 17일,http://vsfdgf.onsr.quest
10월 17일,http://hfw4.uenx.hair
10월 17일,http://hfvdc.xuty.beauty
10월 17일,http://ddhr3.xnya.skin
10월 18일,http://m11.swo4.pet
10월 18일,http://ghfddd.naor.beauty
10월 18일,http://ozjaf.dctsv.com
10월 18일,http://jkuhff.uenx.hair 
10월 18일,http://ktys.dnow.miami
10월 18일,http://bcxsg.oeic.hair
10월 18일,http://hfefg.onsr.quest 
10월 18일,http://fgfdde.xnya.skin 
10월 18일,http://hhhdss.unsc.asia 
10월 18일,http://sfdfdf.svyw.hair 
10월 18일,http://ucsc.krsx.gay
10월 18일,http://jktgr.poen.hair
10월 18일,http://jkhex2.usoe.hair
10월 18일,http://m21.f80v.pet
10월 18일,http://jhes2.uenx.hair
10월 18일,http://dfsdsdd.pwoi.skin 
10월 18일,http://hghgf.oeic.hair
10월 18일,http://hggf3.sxue.hair
10월 18일,http://m03.swo4.pet
10월 18일,http://hggddd.xuty.beauty
10월 18일,http://hfds1.uenx.hair
10월 18일,http://gfssaew.bgsi.hair 
10월 18일,http://idvz.znek.agency
10월 18일,http://hfdg.okdu.casa
10월 18일,http://gft.xohe.press
10월 18일,http://100w.zuwk.miami
10월 18일,http://jdvcbe.nwix.website
10월 18일,http://hgffx.usnm.quest
10월 18일,http://totoz.eibx.miami
10월 18일,http://ikodt.olpzs.beauty
10월 18일,http://hhhhdf.rinz.asia
10월 18일,http://ccvvvs.naor.beauty 
10월 18일,http://cy05.ofc6.pet
10월 18일,http://ddzz2.naor.skin
10월 18일,http://dtbog.olpzs.beauty
10월 18일,http://fderdfv.svyw.hair
10월 18일,http://fdfddffg.bgsi.hair 
10월 18일,http://fdgdsf.rinz.asia
10월 18일,http://fdssg3.svyw.hair
10월 18일,http://fgdsdg.onsr.quest 
10월 18일,http://fina.vhios.agency
10월 18일,http://gdfdds.xnya.skin 
10월 18일,http://ghfdsd.snya.skin
10월 18일,http://grddc.usoe.hair 
10월 18일,http://hddce2.xmue.hair
10월 18일,http://hdfdff.nwix.website
10월 18일,http://hfdrfr3.pwoi.skin 
10월 18일,http://hfecc.wogi.hair
10월 18일,http://hfw4.uenx.hair 
10월 18일,http://hget.unsc.asia
10월 18일,http://hgfde3x.pinb.hair
10월 18일,http://hgffgd.rinz.asia
10월 18일,http://hgfresd.xyna.skin
10월 18일,http://hgrdf.unsc.asia
10월 18일,http://hjgd2.pinb.hair
10월 18일,http://htfs.ohi.gen.in
10월 18일,http://jfded.oenm.website
10월 18일,http://jhes2.unex.hair
10월 18일,http://jhfex.oenm.website
10월 18일,http://kycsc.poen.hair 
10월 18일,http://m07.h2it.bLack
10월 18일,http://nfwx.usnm.quest
10월 18일,http://saffda.svyw.hair
10월 18일,http://winy1.ndtre.life
10월 19일,http://jvfex.oshr.casa
10월 19일,http://jtcsax.oshr.case
10월 19일,https://bit.ly/3s1LJ9
10월 19일,http://gdsfas2.unsc.asia 
10월 19일,http://nhfcc.oshr.casa 
10월 19일,http://auilo.spoan.beauty 
10월 19일,http://fgdcv.xuwo.casa 
10월 19일,http://jgdcv.soucv.casa 
10월 19일,http://1dgrfx.oiwx.casa 
10월 19일,http://hfd3x.uwin.casa 
10월 19일,http://jhdgbd.hxnis.casa 
10월 19일,http://hget.usocn.casa 
10월 19일,http://oplzs.vkioa.beauty 
10월 19일,http://frip.fuopz.gay 
10월 19일,http://ghfsdc.msius.casa 
10월 19일,http://jfdec.wicuz.casa 
10월 19일,http://fgfv.ontc.miami
10월 19일,http://ghfgx.oenm.website
10월 19일,http://nccvec.oshr.casa 
10월 19일,http://fipz.spoan.beauty 
10월 19일,http://htvs32.pinb.hair
10월 19일,http://hfds1.uenx.hair
10월 19일,oib.ef4l.cash
10월 19일,http://duuko.spoan.beauty
10월 19일,http://hgtfcv.oshr.casa 
10월 19일,http://jgdcv.soucv.casa 
10월 19일,http://jfg3x.xuwo.casa
10월 19일,http://jhdgbd.hxnis.casa
10월 19일,http://ffhexc.oiwx.casa
10월 19일,http://ghfsdc.msius.casa
10월 19일,http://hget.usocn.casa
10월 19일,http://silof.spoan.beauty
10월 19일,http://jvfex.oshr.casa
10월 19일,http://jgfeex.uwin.casa
10월 19일,http://1dgrfx.oiwx.casa 
10월 19일,http://gdfev.wicuz.casa
10월 20일,http://bcvsw.oshr.casa 
10월 20일,http://hfd3x.uwin.casa 
10월 20일,http://hget.usocn.casa 
10월 20일,http://ytxxx.ohsr.casa
10월 20일,http://svas.gvioc.agency
10월 20일,http://gdfev.wicuz.casa 
10월 20일,http://frxvz.soucv.casa 
10월 20일,http://ffhexc.oiwx.casa
10월 20일,http://kdti.ragik.beauty
10월 20일,http://fgdcv.xuwo.casa 
10월 20일,http://gfcexc.hxnis.casa 
10월 20일,http://ghfsdc.msius.casa
10월 20일,http://dfsdsdd.pwoi.skin
10월 20일,http://fsdfgsd.xnya.skin
10월 20일,http://hgvdc.pinb.hair
10월 20일,http://hudcv.novt.casa
10월 20일,http://eeedx.rinz.asia
10월 20일,http://hget.usocn.casa 
10월 20일,http://nccvec.oshr.casa 
10월 20일,http://jyes2.xuwo.casa 
10월 21일,http://jfg3x.wicuz.casa
10월 21일,http://jydsqz.oshr.casa 
10월 21일,http://hfdrfr3.pwoi.skin
10월 21일,http://hfd3x.uwin.casa 
10월 21일,http://jyes2.xuwo.casa
10월 21일,http://jktgr.poen.hair
10월 21일,http://ffhexc.oiwx.casa
10월 21일,http://hdvec.oshr.casa 
10월 21일,http://gfd3ssa.pwoi.skin
10월 21일,http://ji7f.znek.agency
10월 21일,https://bit.ly/3QNW7fC
10월 21일,http://jhfexw.usoe.hair
10월 21일,http://jfdec.wicuz.casa
10월 21일,http://hrffe.rinz.asia
10월 21일,http://gdfcs.hsny.boutique
10월 21일,http://ghdfgg.xuty.beauty
10월 21일,http://gikoz.fuopz.gay
10월 21일,http://jhdgbd.hxnis.casa
10월 21일,http://fghfddf.bgsi.hair
10월 21일,http://vbbvny.kremt.boston
10월 21일,http://hjgdd.sorw.quest
10월 21일,http://hjkfdc.tinx.quest
10월 21일,http://nbgdcv.oshr.casa
10월 21일,http://hget.fgf.hfdsdwe
10월 22일,http://fipz.spoan.beauty
10월 22일,http://sssddfw.pwoi.skin
10월 22일,http://bied5.fuopz.gay
10월 22일,http://jfg3x.xuwo.casa
10월 22일,http://serbt.rsikz.beauty
10월 22일,bor.i6jg.cash
10월 22일,http://ghsddc.msius.casa
10월 22일,http://grdha.zisu.skin
10월 22일,http://htvs32.pinb.hair
10월 22일,http://han.gl/uUfLH
10월 23일,http://t2m.kr/o7XdJ
10월 23일,http://jdfs3.hdie.agency 
10월 23일,http://jvfex.oshr.casa
10월 23일,http://fdgv.oiwx.casa
10월 23일,http://jdx3.hdie.agency
10월 23일,http://bit.ly/3tDCIEN
10월 23일,http://han.gl/ewPMx
10월 24일,http://3dgs.puth.agency
10월 24일,http://htcc.oiwx.hair
10월 24일,http://hdv.uasn.agency
10월 24일,http://jvfex.oshr.casa 
10월 24일,http://n16.J0xt.black 
10월 24일,http://1dgrfx.oiwx.casa
10월 24일,http://m11.zf9f.black 
10월 24일,http://ghfsdc.msius.casa
10월 24일,http://jgdcv.soucv.casa
10월 24일,http://hdv.uasn.agency
10월 24일,http://3dgs.puth.agency 
10월 24일,http://gde.hdie.agency
10월 24일,https://funding.do/RsYu
10월 24일,http://vdfd2.hdie.agency
10월 24일,http://ucsc.krsx.gay
10월 24일,http://t2m.kr/o7XdJ
10월 24일,http://jtfvb.puth.agency 
10월 24일,http://jhgdc.oshr.casa 
10월 24일,http://jfx246.hdie.agency
10월 24일,http://jfdec.wicuz.casa
10월 24일,http://htys3.oiwx.hair 
10월 24일,http://hget.usocn.casa
10월 24일,http://hdv.uasn.agency 
10월 24일,http://grgt.nmeo.press
10월 24일,http://ffhexc.oiwx.casa
10월 24일,http://fddsdfw.pwoi.skin
10월 24일,http://jtrdc3.hdie.agency
10월 24일,http://fggd.oiwx.hair 
10월 24일,http://fdfddffg.bgsi.hair
10월 24일,http://htvs32.pinb.hair
10월 25일,http://jjjdsds.naor.beauty
10월 25일,http://gdss3333.bgsi.hair
10월 25일,http://kjggv.wogi.hair
10월 25일,http://hjrcv.oshr.casa
10월 25일,http://jhrx5.oiwx.hair
10월 25일,http://kjvedx.oenm.website
10월 25일,http://hjrcv.oshr.casa
10월 25일,http://hdv.uasn.agency
10월 25일,http://hget.usocn.casa
10월 25일,http://jfdec.wicuz.casa
10월 25일,ns.nhjx.fit
10월 25일,http://nhfcc.oshr.casa
10월 25일,http://jhrex.ontr.miami
10월 25일,http://jtfvb.puth.agency
10월 25일,http://jhrx5.oiwx.hair
10월 25일,http://uye3.oiwx.hair
10월 25일,http://fggd.oiwx.hair
10월 25일,http://hjfd23.hdie.agency
10월 25일,http://jtrdc3.hdie.agency
10월 25일,http://htrc.oiwx.hair
10월 25일,http://ht33.oiwx.hair
10월 25일,http://s04.u9dw.black
10월 25일,http://m12.ds2g.black
10월 25일,http://jtcxcs.hdie.agency
10월 25일,han.gl/jlBEr 
10월 25일,http://jumkb.rgxna.com
10월 25일,http://n02.b2sq.black
10월 25일,https://url.kr/a5zyfr
10월 25일,http://b07.l6qy.black
10월 25일,http://jhggf.onsr.quest
10월 25일,https://bit.ly/kakao365nanum
10월 25일,http://s28.u9dw.black
10월 25일,me2.kr/yw4
10월 25일,kr.pe/pRvqb
10월 25일,http://a01.16qy.black
10월 26일,http://uwrdb.uvzig.com
10월 26일,http://jumkb.rgxna.com
10월 26일,http://hhdx3.hdie.agency
10월 26일,http://m02.xx2n.black 
10월 26일,http://hjftg.poen.hair
10월 26일,http://jtcsax.oshr.casa
10월 26일,https://han.gl/YTXND
10월 26일,http://bit.ly/3B2ppCg
10월 26일,http://uecte.hgyam.com
10월 27일,http://mwpte.cpyrg.com
10월 27일,http://114.44.201.149
10월 27일,http://jyimx.bhsav.com
10월 27일,http://s33.u9dw.black
10월 27일,http://jrxw.uasn.agency 
10월 27일,http://jfdec.wicuz.casa
10월 27일,http://hrvc2.oshr.casa
10월 27일,http://gft.nmeo.press
10월 27일,http://jgfeex.uwin.casa
10월 27일,http://ocmwo.bhsav.com 
10월 27일,http://gqarc.cpyrg.com 
10월 27일,http://dyfye.bhsav.com 
10월 27일,http://fqvrd.cpyrg.com 
10월 27일,http://baswu.bhsav.com 
10월 27일,http://umlwm.cpyrg.com 
10월 27일,http://ffnsk.bhsav.com
10월 27일,http://umlwm.cpyrg.com
10월 27일,http://fqvrd.cpyrg.com
10월 28일,http://b14.k2wt.black
10월 28일,http://nn09.t8pk.black
10월 28일,http://nb14.u3be.black
10월 28일,dtowq.com/99
10월 28일,http://a08.o24g.black
10월 28일,http://ht33.oiwx.hair
10월 28일,http://m13.cm8b.black
10월 28일,http://hgtf3.poen.hair
10월 28일,http://gffggd.ramps.men
10월 28일,cc05.it6u.media
10월 28일,http://hjfx3.hdie.agency
10월 28일,http://jtfvb.puth.agency
10월 28일,http://dfdfgsw.bgsi.hair
10월 28일,http://oghfv.oshr.casa
10월 28일,cy01.nu8w.love
10월 28일,http://ecog2.flixt.bid
10월 28일,ioan.arh7.site
10월 28일,http://jtvsd.uenx.hair 
10월 28일,bit.ly/3DE6vml
10월 28일,https://han.gl/AdzUr
10월 28일,http://umlwm.cpyrg.com 
10월 28일,http://wyrif.bhsav.com 
10월 28일,http://ghfffd.pwoi.skin
10월 28일,https://han.gl/fzWRn
10월 28일,http://wyrif.bhsav.com
10월 28일,http://n06.j0xt.black
10월 28일,http://baswu.bhsav.com
10월 28일,http://qfptd.cpyrg.com
10월 29일,http://sx03.conz.black 
10월 29일,http://hdfdff.nwix.website
10월 29일,http://tbopf.suzit.uno
10월 29일,sm.msjlogistick.top
10월 29일,http://fwzqn.bhsav.com 
10월 29일,http://mwpte.cpyrg.com 
10월 29일,http://by02.o9tl.black 
10월 29일,http://nodt9.uxemp.beauty
10월 29일,sm.msjlogistick.top
10월 29일,sm.msjlogistick.top
10월 29일,http://jyimx.bhsav.com
10월 30일,https://bit.ly/3U6KrWK
10월 30일,http://dfgds.onwx.gay
10월 30일,http://kufg3.xois.gay
10월 30일,http://kjfve.moue.quest
10월 30일,http://bndx3.moue.quest 
10월 30일,http://brxcx.ysbn.quest 
10월 30일,http://dsgw1.xois.gay 
10월 30일,http://fsad.onwx.gay 
10월 30일,http://gioc.uxemp.quest 
10월 30일,http://ht33.oiwx.hair
10월 30일,http://htdcc.hsno.press
10월 30일,http://jhfrcv.tinx.quest
10월 30일,http://khrdx.oshr.casa 
10월 30일,http://n17.ft8f.black
10월 30일,http://rdki1.uxemp.beauty
10월 30일,http://rian5.yseno.beauty 
10월 30일,http://fwzqn.bhsav.com
10월 30일,http://ykoi6.yseno.beauty 
10월 30일,http://hget.ghfdg.quest
10월 30일,http://hfbe.ysbn.quest 
10월 30일,http://bgyr.uxemp.quest 
10월 30일,http://gay1.yseno.beauty 
10월 30일,http://dfgds.onwx.gay 
10월 30일,http://dsgw1.xois.gay 
10월 30일,http://hjgre.moue.quest 
10월 30일,https://vo.la/8Ttn1a
10월 30일,http://pevsx.hgvce.com
10월 31일,https://www.shsms.co.kr/down?id=177169&scrtky=WJOOB
10월 31일,http://fsad.onwx.gay
10월 31일,http://hgds3.moue.quest
10월 31일,http://nb17.u3be.black
10월 31일,http://nb30.p2hi.black
10월 31일,http://nodt9.uxemp.beauty
10월 31일,http://lkgvcv4.xois.gay 
10월 31일,http://cecz.ysbn.quest
10월 31일,http://by09.w8sq.black
10월 31일,http://sx18.09tl.black
10월 31일,bit.ly/배송지확인요망
10월 31일,http://wyrif.bhsav.com 
10월 31일,http://jifch.cpyrg.com
10월 31일,http://htdw2.xois.gay 
10월 31일,http://kjuhv3.moue.quest 
10월 31일,http://c24.xk5k.black
10월 31일,http://y04.r2mg.black 
10월 31일,http://s04.vgl6.black 
10월 31일,http://t05.p5ky.black 
10월 31일,http://by04.w3km.black
10월 31일,http://hget.usocn.casa
10월 31일,http://jygb.xnhs.hair
10월 31일,http://cb11.a8iy.black 
10월 31일,http://nb27.nx0q.black
10월 31일,iozr.ys6d.media
10월 31일,http://s05.mz3i.black
10월 31일,ssby.rj5o.media
10월 31일,http://sx14.o9tl.black
10월 31일,http://ncsed.oenm.website
10월 31일,http://plvny.bhsav.com
10월 31일,http://huvhe.cpyrg.com 
10월 31일,ssx.t8tp.green
10월 31일,http://jrxc.onwx.gay
10월 31일,http://fggd.oiwx.hair
10월 31일,http://kjfve.moue.quest
10월 31일,http://ykoi6.yseno.beauty
10월 31일,http://jkrc.oksn.miami
10월 31일,me2.kr/aas1r
10월 31일,http://hrvgy.cpyrg.com
10월 31일,http://s09.vgl6.black 
10월 31일,http://b19.xk5k.black
10월 31일,http://kpolc.hgvce.com
10월 31일,http://c14.xk5k.black
11월 01일,http://ghfdwe3.usocn.casa
11월 01일,http://dsgw1.xois.gay 
11월 01일,http://rbtds.emlgy.quest
11월 01일,http://m16.w3km.black 
11월 01일,http://kjuhv3.moue.quest
11월 01일,ioxv.dn6t.cash
11월 01일,http://nb03.o9tl.black
11월 01일,http://qtdzd.cpyrg.com 
11월 01일,http://obzyj.bhsav.com
11월 02일,http://tny.im/NGwhi
11월 02일,http://b19.xk5k.black
11월 02일,nnob.dn6t.cash
11월 02일,http://1dgrfx.oiwx.casa
11월 02일,http://tilz.smira.beauty
11월 02일,http://dsgw1.xois.gay
11월 02일,http://dmiox.layup.beauty 
11월 02일,http://xbdas.hsno.press
11월 02일,http://kjvedx.oenm.website
11월 02일,http://hget.usocn.casa
11월 02일,bit.ly/3DE6vml
11월 02일,http://mwpte.cpyrg.com 
11월 02일,http://qhsch.cpyrg.com
11월 03일,http://ko.gl/yl5H
11월 03일,http://lziks.layup.beauty 
11월 03일,http://udc.onwx.gay 
11월 03일,http://kjggv.wogi.hair
11월 03일,http://jygb.xnhs.hair
11월 03일,http://cb04.a8iy.black 
11월 03일,https://bdyer.zmgec.mobi/
11월 03일,bit.ly/3sCclOD
11월 03일,http://ffnsk.bhsav.com 
11월 03일,http://huvhe.cpyrg.com
11월 03일,http://mfsdcv.newu.hair
11월 03일,http://me2.kr/aas1r
11월 03일,http://umlwm.cpyrg.com
11월 04일,http://61.227.67.142/7k5kRMSmRx
11월 04일,http://jfds3.moue.quest
11월 04일,http://nb09.nx0q.black
11월 04일,http://cb11.a8iy.balck
11월 04일,http://lziks.layup.beauty
11월 04일,http://jvfex.oshr.casa
11월 04일,http://lio5.waiok.gay
11월 04일,http://igcv23.hdie.agency
11월 04일,http://grgt.nmeo.press
11월 04일,http://obzyj.bhsav.com 
11월 04일,https://uy.asdsdk.top
11월 05일,http://koie.lsnm.miami
11월 05일,http://zsiov.ption.beauty
11월 05일,http://jopx6.fuopz.gay
11월 05일,http://hget.sivw.asia
11월 05일,http://rtnjy.enwns.beauty
11월 05일,http://hdfsf.wogi.hair
11월 05일,http://ocmwo.bhsav.com
11월 05일,http://ghedf.newu.hair
11월 05일,https://han.gl/wmdkH
11월 05일,http://lnqjj.rdbmq.com
11월 06일,http://uvvs.onme.asia 
11월 06일,http://jfbb.cubes.asia
11월 06일,http://hget.woiu.asia
11월 06일,http://crjhi.enwns.beauty
11월 06일,http://hget.sivw.asia 
11월 06일,http://iress.xbrz.skin 
11월 06일,http://jhtcvc.iwnx.skin 
11월 06일,http://hffrcecx.nsox.hair 
11월 06일,http://fdd3s.oinx.hair 
11월 06일,http://nb04.nx0q.black
11월 06일,http://fwzqn.bhsav.com 
11월 06일,http://lfcb.osne.asia
11월 06일,http://jkgfv.nwix.website
11월 06일,http://hikoz.poney.ltd
11월 06일,http://jcsqwz.iwnx.skin 
11월 06일,http://iress.xbrz.skin 
11월 07일,http://jhtcvc.iwnx.skin
11월 07일,http://sexx.iwnx.skin 
11월 07일,http://htrex.xbrz.skin 
11월 07일,http://c016.rid1.pet
11월 07일,http://uvvs.onme.asia 
11월 07일,http://hget.sivw.asia
11월 07일,http://uuu4.oinx.hair
11월 07일,http://fggd.oiwx.hair
11월 07일,http://gilpz.okvnc.hair
11월 07일,http://jhfgfc.nsox.hair 
11월 07일,http://hgbvd.sxue.hair
11월 08일,http://hget.sivw.asia
11월 08일,http://jxxzz.nsox.hair
11월 08일,http://erex2.xbrz.skin
11월 08일,http://fdd3s.oinx.hair
11월 08일,http://hget.onme.asia
11월 08일,http://hget.onme.asia 
11월 08일,uitfv.iwnx.skin
11월 08일,jtyfdc.xbrz.skin
11월 08일,http://uitfv.iwnx.skin
11월 08일,http://iress.xbrz.skin
11월 08일,http://hffrcecx.nsox.hair
11월 08일,http://fssdfd3.svyw.hair
11월 08일,http://ht33.oiwx.hair 
11월 08일,vaion.fnb4.media
11월 08일,http://vxfe.znie.agency
11월 08일,http://uoiza.layup.beauty
11월 08일,http://jtdw.sugy.miami
11월 08일,http://hfdwxc.pwoi.skin
11월 08일,http://sjez.gskw.miami
11월 08일,http://hgtvb.usnm.quest
11월 08일,http://hrvgy.cpyrg.com
11월 08일,http://n01.tc4l.buzz 
11월 08일,http://n13.tc4l.buzz 
11월 08일,http://s02.x8jh.buzz 
11월 08일,http://x12.k4zu.buzz
11월 08일,http://jtyfdc.xbrz.skin
11월 08일,http://x11.k4zu.buzz
11월 09일,http://n09.w5hn.black
11월 09일,http://n05.tc4l.buzz 
11월 09일,http://s16.x8jh.buzz 
11월 09일,http://x19.k4zu.buzz 
11월 09일,http://hrd4.ztex.miami
11월 09일,http://hgfvcx.xbrz.skin
11월 09일,http://fgdcv.xuwo.casa
11월 09일,http://hfbe.ysbn.quest 
11월 09일,http://fgfv.soue.miami
11월 09일,http://3dgs.puth.agency
11월 09일,http://qepnk.bhsav.com
11월 09일,http://qfptd.cpyrg.com
11월 09일,bit.ly/3NXOv9V
11월 09일,http://jfcvec.iwnx.skin
11월 09일,http://vrzi8.lepxt.hair
11월 09일,http://n14.tc4l.buzz
11월 09일,kucoinuv.com
11월 10일,http://cc07.dnf6.buzz 
11월 10일,http://y08.r2mg.black
11월 10일,http://s07.vgl6.black
11월 10일,http://gfcexc.hxnis.casa
11월 10일,http://y02.v2te.black
11월 10일,http://vtzq.hnztu.beauty 
11월 10일,http://h52s.poen.hair
11월 10일,http://erex2.xbrz.skin
11월 10일,http://fyn1.ztex.miami
11월 10일,http://uvvs.onme.asia
11월 10일,http://oidt6.hnztu.beauty
11월 10일,http://jtyfdc.xbrz.skin
11월 10일,http://oidt6.hnztu.beauty 
11월 10일,http://bit.ly/3OjdJhz
11월 11일,http://htys3.oiwx.hair
11월 11일,http://khjtfg.ung.gen.in
11월 11일,http://yfmuc.emlgy.quest
11월 11일,http://nat1.retbz.website
11월 11일,http://m06.k8ny.buzz 
11월 11일,http://c23.em4d.buzz
11월 11일,http://fdtr.mztrs.hair 
11월 11일,http://t2m.kr/fCQUf
11월 11일,http://oidt6.hnztu.beauty
11월 11일,http://n04.k8ny.buzz 
11월 11일,http://jifch.cpyrg.com
11월 12일,http://govk.kro.kr
11월 12일,http://eani.mztrs.hair
11월 12일,http://ghfe.smrx.hair 
11월 12일,http://cefr.unex.hair 
11월 12일,http://hhdf.eiux.hair
11월 12일,http://m07.fn3p.win 
11월 12일,http://dvrx.pkioz.hair
11월 12일,http://n12.nbu3.us 
11월 12일,http://m08.em4d.buzz 
11월 12일,http://mict6.olpew.beauty
11월 12일,http://ston.dgef.miami
11월 12일,http://os06.ux2l.black
11월 12일,http://jcsqwz.iwnx.skin
11월 12일,http://cefr.unex.hair 
11월 12일,http://hfdec.smrx.hair 
11월 12일,http://n13.nbu3.us 
11월 12일,http://rglo2.pkioz.hair
11월 12일,http://han.gl/FXWWH
11월 12일,http://gfwsc.smrx.hair
11월 13일,ccs.io3v.media
11월 13일,http://ghfe.smrx.hair 
11월 13일,http://sy08.x8jh.buzz
11월 13일,http://imnc.townr.kr
11월 13일,http://gdss3333.bgsi.hair
11월 13일,http://giox.wguio.gay 
11월 13일,http://cet1.unex.hair 
11월 13일,http://iress.xbrz.skin
11월 13일,https://bit.ly/3QpZids 
11월 13일,https://han.gl/RXsPQ 
11월 13일,http://cgrbz.cpyrg.com
11월 14일,http://tfgss.zuex.hair
11월 14일,http://hrd3.wovu4.hair
11월 14일,http://sy18.fpr4.eu
11월 14일,http://b06.rm0e.us
11월 14일,http://n18.dz6i.eu 
11월 14일,http://ghfdwe3.usocn.casa
11월 14일,http://x14.k4zu.buzz
11월 14일,http://fipz.spoan.beauty
11월 14일,http://gdg2.onts.hair
11월 14일,http://b05.v2te.black
11월 14일,http://y02.r2mg.black
11월 14일,http://ghfe.smrx.hair
11월 14일,http://gjrex.sorw.quest
11월 14일,http://c05.k8ny.buzz 
11월 14일,http://cn02.f4bg.blog 
11월 14일,http://b14.gaw2.eu 
11월 14일,http://ny19.ml4t.eu 
11월 14일,http://by23.ghh0.eu 
11월 14일,http://gdscd.mskr.hair
11월 14일,http://gfdsfs.hsnr.hair 
11월 14일,http://hrxc.woui.hair
11월 14일,http://gdcv.ssao.hair 
11월 14일,http://jhfgx.modu.hair  
11월 14일,http://hfcx.usnv.hair 
11월 14일,http://gdcg.nsio.hair 
11월 14일,http://grc.hnu5.hair 
11월 14일,http://hgv4.run6.hair 
11월 14일,http://ghfde.zbcu.hair 
11월 14일,http://red2d.onas2.hair 
11월 14일,http://hgdc.wovu4.hair 
11월 14일,http://gddvw.ztos.hair 
11월 14일,http://gdvd.usnk1.hair 
11월 14일,http://derds.gzms.hair 
11월 14일,http://htdcv.ztus.hair 
11월 14일,http://yfecv.zuex.hair 
11월 14일,http://ytrvs.ponm3.hair 
11월 14일,http://jfsdx.xsoc.hair 
11월 14일,http://jgr.nhu7.hair 
11월 14일,http://gex.sun8.hair 
11월 14일,http://bcvsx.yowx.hair 
11월 14일,http://drozj.cpyrg.com
11월 14일,http://bfcs.yowx.hair
11월 14일,http://gfde2.onas2.hair
11월 14일,http://ghtc32.ponm3.hair
11월 14일,http://gr3dq.usnk1.hair 
11월 14일,http://hfgw.nhu7.hair
11월 14일,http://htyf2x.wovu4.hair
11월 14일,http://ku5r.hnu5.hair
11월 14일,http://yfecv.zuex.hair
11월 14일,http://hfcx.usnv.hair
11월 14일,http://jhfcv.nsio.hair 
11월 14일,http://hgdcv.onme.asia
11월 14일,http://jkrc.oksn.miami
11월 14일,http://jhfcv.nsio.hair 
11월 14일,http://fecv.xsoc.hair 
11월 14일,http://jgdex.yowx.hair 
11월 14일,http://ghfde.zbcu.hair
11월 14일,http://htdcv.ztus.hair 
11월 14일,http://hgsd.zuex.hair
11월 14일,http://ghe23.ponm3.hair 
11월 14일,http://gr3dq.usnk1.hair
11월 14일,http://d3d3c.wovu4.hair
11월 14일,http://jgr.nhu7.hair 
11월 14일,http://ku5r.hnu5.hair
11월 14일,http://bfcs.yowx.hair
11월 14일,http://gr3dq.usnk1.hair
11월 14일,http://gex.sun8.hair 
11월 14일,http://hgrcex.zuex.hair
11월 15일,http://ufsc.xnod.hair
11월 15일,http://uycv.xvys.hair
11월 15일,http://ht42s.usoc.hair
11월 15일,http://rfsf2.uisn.hair
11월 15일,http://t5sghs.ztis.casa
11월 15일,jffcv.nsio.hair
11월 15일,http://iyuyfg3.sous.hair
11월 15일,http://73gh.shoc.hair
11월 15일,http://g37sc.guso.hair
11월 15일,http://gdddbv.ounc.casa
11월 15일,http://ytrd3.oshc.beauty
11월 15일,http://hgrcex.zuex.hair 
11월 15일,http://hhdf.eiux.hair
11월 15일,http://gfwsc.smrx.hair 
11월 15일,http://gcbec.unex.hair
11월 15일,http://gdg2.onts.hair
11월 15일,http://hyfc.sun8.hair 
11월 15일,http://ku5r.hnu5.hair 
11월 15일,http://8gsc.ztus.hair 
11월 15일,http://ghjrx.zbcu.hair 
11월 15일,http://hgv4.run6.hair 
11월 15일,http://d3d3c.wovu4.hair 
11월 15일,http://b05.gaw2.eu 
11월 15일,http://gt4a.nhu7.hair 
11월 15일,http://hgrt32.onas2.hair 
11월 15일,http://ghe23.ponm3.hair 
11월 15일,http://jhrdcv.xsoc.hair 
11월 15일,http://8fdcs.ztos.hair 
11월 15일,http://s18.x8jh.buzz
11월 15일,http://htd3.usnk1.hair
11월 15일,http://uyc5.xvys.hair 
11월 15일,http://hfe3.xnod.hair 
11월 15일,http://jhgcv.usoc.hair 
11월 15일,http://jyr381.sous.hair 
11월 15일,http://gs25s.uisn.hair
11월 15일,http://jgdex.yowx.hair 
11월 15일,http://hrxc.woui.hair
11월 15일,http://hgex.esio.ltd
11월 15일,http://hgsd.zues.hair
11월 15일,http://gdsv.ssao.hair
11월 15일,http://gfdsts.hsnr.hair
11월 15일,http://gdcg.nsio.hair
11월 15일,http://jgr.nhu7.hair 
11월 15일,http://g7s.ztus.hair 
11월 15일,http://htf34.wovu4.hair 
11월 15일,http://ku5r.hnu5.hair 
11월 15일,http://jhfcv.nsio.hair
11월 15일,http://tfgss.zuex.hair 
11월 15일,http://ghtc32.ponm3.hair 
11월 15일,http://hgfc.run6.hair 
11월 15일,http://ukycx.ztos.hair 
11월 15일,http://yex3.sun8.hair 
11월 15일,http://ghrv.gzms.hair
11월 15일,http://g3xf.usnk1.hair
11월 15일,http://n11.dz6i.eu
11월 15일,http://gfdsfs.hsnr.hair
11월 15일,http://ghrv.gzms.hair
11월 15일,http://ikop.jdtr.beauty 
11월 15일,http://usdv.xnod.hair 
11월 15일,http://gdbe.xvys.hair 
11월 15일,http://hgex.esio.ltd
11월 15일,http://yt39.ouck.asia
11월 15일,http://yt39.ouck.asia
11월 15일,http://yt39.ouck.asia
11월 15일,http://fwzqn.bhsav.com
11월 15일,jhfcv.nsio.hair
11월 15일,http://usdv.xnod.hair 
11월 15일,http://gdbe.xvys.hair 
11월 15일,http://jhfcv.nsio.hair
11월 15일,http://usdv.xnod.hair 
11월 15일,http://gdbe.xvys.hair 
11월 15일,http://gft.ztex.fsdd
11월 15일,http://gfdg.oeoil.gdf
11월 15일,http://yt39.ouck.asia
11월 15일,http://yt39.ouck.asia
11월 15일,bit.ly/3gdaeOB
11월 15일,http://jyhf31.xvys.hair
11월 15일,http://bit.ly/3QczYri
11월 15일,http://hddce2.xmue.hair
11월 15일,http://uvvs.onme.asia
11월 15일,http://ikop.usoc.hair
11월 15일,http://gt4a.nhu7.hair
11월 16일,http://hrd3.wovu4.hair
11월 16일,http://jhfgx.modu.hair 
11월 16일,http://jyve.sun8.hair
11월 16일,http://TRgf.ptks.hair 
11월 16일,http://jku5.iadk.hair 
11월 16일,http://jkhf.nhu7.hair 
11월 16일,http://hrtd3.guso.hair
11월 16일,http://h6y4.fsth.hair
11월 16일,http://gfde2.onas2.hair
11월 16일,http://kgve.run6.hair
11월 16일,http://gdvd.usnk1.hair
11월 16일,http://8jsda.zbcu.hair
11월 16일,http://hde2.osso.beauty 
11월 16일,http://ytrd3.oshc.beauty
11월 16일,http://b02.gaw2.eu
11월 16일,http://h4rxa.cksy.hair
11월 16일,http://gsdve.euox.hair
11월 16일,http://yfecv.zuex.hair
11월 16일,http://gdvxs.xsoc.hair
11월 16일,http://dcvx.xvys.hair 
11월 16일,http://nb14.bfz7.blog
11월 16일,http://hrtd3.guso.hair
11월 16일,http://hgy31.nhu7.hair 
11월 16일,http://jydv3.hsnu.miami
11월 16일,http://ghtc32.ponm3.hair
11월 16일,http://yt39.ouck.asia
11월 16일,https://bit.ly/3hxuz1o 
11월 16일,bit.ly/3gdaeOB
11월 16일,http://han.gl/vrBsK
11월 16일,http://bit.ly/3IZCSwB
11월 17일,http://ghfde.zbcu.hair
11월 17일,http://on07.ghh0.eu
11월 17일,http://gftedwx.ounc.casa
11월 17일,http://hfe3.xnod.hair 
11월 17일,http://ofad.nshi.miami
11월 17일,http://hfgw.nhu7.hair 
11월 17일,http://hgffe2.nduk.casa 
11월 17일,http://fdsd3.ponm3.hair
11월 17일,http://jgdex.yowx.hair 
11월 17일,http://jtyrx.uenx.hair
11월 17일,http://hrt31.ptks.hair
11월 17일,http://hjgg.run6.hair
11월 17일,http://cdty.hnztu.beauty
11월 17일,http://ukycx.ztos.hair
11월 17일,http://gex.sun8.hair
11월 17일,http://mo382.sous.hair
11월 17일,http://y16.r2mg.black
11월 17일,http://hrtd3.guso.hair
11월 17일,http://jhgdg.ung.gen.in
11월 17일,http://he2.osso.beauty
11월 17일,http://opb72.twkx.asia
11월 17일,http://jhrx5.oiwx.hair
11월 17일,http://73gh.shoc.hair
11월 17일,http://t5sghs.ztis.casa
11월 17일,http://ikop.jdtr.beauty
11월 17일,http://bvvex.sxue.hair
11월 17일,http://53sf.sous.hair
11월 17일,https://creazilla.com/ko/nodes/47558-clipart
11월 17일,http://jhrdcv.xsoc.hair
11월 17일,https://bit.ly/3UH5qQP
11월 17일,https://han.gl/kIgIM
11월 17일,http://unx1.msoe.hair
11월 17일,http://jydsqz.oshr.casa
11월 18일,http://b14.gaw2.eu
11월 18일,http://jhfcv.nsio.hair
11월 18일,http://yfecv.zuex.hair
11월 18일,http://8gsc.ztus.hair
11월 18일,http://gddvw.ztos.hair
11월 18일,http://fgddf.gzms.hair 
11월 18일,http://g3xf.usnk1.hair 
11월 18일,http://hgdc.wovu4.hair
11월 18일,http://gftedwx.ounc.casa 
11월 18일,http://tdcezc.nduk.casa 
11월 18일,http://gfffche.xybk.casa 
11월 18일,http://opb72.twkx.asia
11월 18일,http://trcs.sous.hair
11월 18일,http://hrt31.ptks.hair
11월 18일,http://urd24.xnod.hair
11월 18일,http://uyds.cksy.hair
11월 18일,http://jtyrx.uenx.hair
11월 18일,http://4dca.ztos.hair
11월 18일,http://hgx.sun8.hair 
11월 18일,http://vrzi8.lepxt.hair
11월 18일,http://ytrd3.sous.hair 
11월 18일,http://uitfv.iwnx.skin
11월 18일,http://ghjrx.zbcu.hair
11월 18일,http://hde2.osso.beauty
11월 18일,http://hdvec.oshr.casa
11월 18일,http://htf34.wovu4.hair
11월 18일,http://ikop.usoc.hair
11월 18일,http://h4rxa.cksy.hair
11월 18일,http://gfde2.onas2.hair
11월 18일,http://b03.rm0e.us
11월 18일,http://sloiz.uisn.hair
11월 18일,http://jhfgx.modu.hair
11월 18일,http://jkrc.oksn.miami
11월 18일,http://fggd.oiwx.hair/
11월 18일,http://jyve.sun8.hair
11월 19일,http://hgfvwe.pinb.hair
11월 19일,http://jexgr.xnud.uno
11월 19일,http://grc.hnu5.hair
11월 19일,http://jhgcv.usoc.hair
11월 19일,http://jtgv.sun8.hair
11월 19일,http://hfcx.usnv.hair
11월 19일,https://bit.ly/3MAuV2v
11월 19일,http://wyrif.bhsav.com
11월 20일,http://hgyre32.ztis.casa
11월 20일,http://s32.u9dw.black
11월 20일,http://jtgv.sun8.hair
11월 20일,http://nb25.nx0q.black
11월 20일,http://oidt6.hnztu.beauty
11월 20일,http://gdg2.onts.hair
11월 20일,http://jyr381.sous.hair
11월 20일,http://hrd3.wovu4.hair
11월 20일,http://8fdcs.ztos.hair
11월 20일,http://oxhzq.bhsav.com
11월 20일,http://oxhzq.bhsav.com
11월 21일,http://fpgge.emdvv.com
11월 21일,http://g3xf.usnk1.hair
11월 21일,http://53sf.sous.hair
11월 21일,http://gdcv.ssao.hair
11월 21일,http://gdddbv.ounc.casa
11월 21일,http://mo382.sous.hair
11월 21일,https://han.gl/MIySt
11월 21일,http://sdfgd.modu.hair
11월 21일,http://trcs.sous.hair
11월 21일,http://derds.gzms.hair
11월 21일,bis.won9.city
11월 22일,http://hfrv.xybu.hair
11월 22일,http://kiolz.tbio.agency
11월 22일,http://hfve.wuny.casa 
11월 22일,http://ghsw2.lmwe.press
11월 22일,http://hfrv.xybu.hair
11월 22일,http://hgrc.xsoc.hair 
11월 22일,http://noicz.pdai.hair 
11월 22일,http://gex.sun8.hair 
11월 22일,http://noicz.pdai.hair 
11월 22일,http://kiolz.tbio.agency
11월 22일,http://hjtccb.wuny.casa
11월 22일,http://nociz.pdai.hair
11월 22일,http://hjtccb.wuny.casa
11월 23일,http://unetx.bit7.ink
11월 23일,http://hjdc.nus7.miami
11월 23일,http://htyrc.bit7.uno
11월 23일,http://gtcs.nus7.miami
11월 23일,http://tuc.bit7.ink
11월 23일,https://nanourl.org/dRn
11월 23일,http://odi.bit7.ink
11월 23일,http://unetx.bit7.ink
11월 23일,http://hjdc.nus7.miami
11월 23일,http://htyrc.bit7.uno
11월 23일,https://nuestro.link/wA
11월 23일,http://jggtc.zvowu.art
11월 23일,https://nanourl.org/fQs
11월 23일,https://nuestro.link/ta
11월 23일,http://brtz.erox.agency
11월 23일,http://hfve.wuny.casa 
11월 23일,https://nuestro.link/ta
11월 23일,https://nanourl.org/fQs
11월 23일,http://hgr5x.wuny.casa 
11월 23일,http://noicz.pdai.hair
11월 23일,http://bfzsw.nksh.beauty 
11월 23일,http://brtz.erox.agency 
11월 23일,http://hrec.wunrx.quest 
11월 23일,http://uotxz.emin.skin
11월 23일,http://htcx.dnvi.today 
11월 23일,http://rvkoi.sxou.shop 
11월 23일,http://odi.bit7.ink 
11월 23일,http://hjdc.nus7.miami
11월 23일,http://dklo.gwer.ltd 
11월 23일,http://hgbvd.sxue.hair
11월 23일,http://kiolz.tbio.agency
11월 23일,http://htyrc.bit7.uno 
11월 23일,http://uldrt.nkdt.hair
11월 23일,http://hrc.wtbj.hair 
11월 23일,https://ko.gl/DLAGt
11월 23일,http://t2m.kr/zobhz
11월 23일,http://4fgz.ondue.press
11월 23일,http://jggtc.zvowu.art 
11월 23일,http://t2m.kr/FjKHS 
11월 23일,http://xdiop.zaio.ltd
11월 23일,https://nanourl.org/rML 
11월 23일,https://plush.link/yX 
11월 23일,https://nanourl.org/QS5 
11월 23일,https://plush.link/Hx 
11월 23일,https://nanourl.org/GfJ 
11월 23일,https://nanourl.org/k5z 
11월 23일,https://nanourl.org/rtD 
11월 23일,https://nanourl.org/4pP 
11월 23일,https://nanourl.org/Oss 
11월 23일,https://nanourl.org/j3g 
11월 23일,http://gdds2.onas2.hair
11월 23일,http://jhrx5.oiwx.hair
11월 23일,https://nanourl.org/dRn
11월 23일,https://nanourl.org/fQs 
11월 23일,https://nuestro.link/iy 
11월 23일,https://nuestro.link/wA
11월 23일,https://nuestro.link/28
11월 23일,https://nuestro.link/ta
11월 23일,http://jtc.uskb.casa
11월 23일,http://53sf.sous.hair
11월 23일,http://TRgf.ptks.hair
11월 23일,http://gr3dq.usnk1.hair
11월 23일,http://bfzsw.nksh.beauty 
11월 23일,http://hgfv.erox.agency 
11월 23일,http://itaf.lmve.press
11월 23일,www.tonginexp.com
11월 23일,http://ghrv.gzms.hair
11월 23일,http://ghfd2xx.sxue.hair
11월 23일,http://jyr381.sous.hair
11월 23일,http://baswu.bhsav.com
11월 23일,http://bvsx.nksh.beauty 
11월 23일,http://ncsz.erox.agency 
11월 23일,http://hrec.wunrx.quest 
11월 23일,http://uldrt.nkdt.hair
11월 23일,http://htcx.dnvi.today
11월 23일,http://rvkoi.sxou.shop
11월 23일,http://jggtc.zvowu.art
11월 23일,http://4fgz.ondue.press
11월 23일,https://nanourl.org/rML
11월 23일,https://nanourl.org/QS5 
11월 23일,https://nanourl.org/GfJ
11월 23일,https://nanourl.org/j3g
11월 23일,https://nanourl.org/4pP
11월 23일,https://anourl.org/fq
11월 23일,http://km.cjthemasj.com/p4bp1m
11월 23일,https://bit.ly/3V2vnu3
11월 23일,http://tk.smartsma.cn
11월 23일,http://bit.ly/3PxBJOX
11월 23일,https://han.gl/acFYy
11월 23일,https://nuestro.link/iy
11월 24일,http://8ghd.wunrx.quest
11월 24일,http://tuc.bit7.ink 
11월 24일,http://gtcs.nus7.miami 
11월 24일,http://mdax.wunrx.quest 
11월 24일,http://brtz.erox.agency 
11월 24일,http://bvsx.nksh.beauty 
11월 24일,http://buly.kr/8paqZHE
11월 24일,http://rvkoi.sxou.shop
11월 24일,http://jggtc.zvowu.art
11월 24일,https://nanourl.org/GfJ 
11월 24일,https://plush.link/yX 
11월 24일,http://4fgz.ondue.press
11월 24일,http://jggtc.zvowu.art
11월 24일,http://7ydb.wunrx.quest 
11월 24일,https://nuestro.link/ta
11월 24일,http://htyrc.bit7.uno
11월 24일,http://odi.bit7.ink 
11월 24일,http://sdfgd.modu.hair
11월 24일,http://hrc.wtbj.hair
11월 24일,http://jyvb.uskb.casa
11월 24일,http://4fgz.ondue.press
11월 24일,https://plush.link/yX
11월 24일,nioy.m4cr.co
11월 24일,http://4dvcn.wuny.casa 
11월 24일,https://nanourl.org/fQs 
11월 24일,http://uldrt.nkdt.hair
11월 24일,http://4fgz.ondue.press
11월 24일,http://htcx.dnvi.today
11월 24일,http://hrc.wtbj.hair
11월 24일,http://bfzsw.nksh.beauty
11월 24일,am.gbr0.top
11월 24일,http://7ydb.wunrx.quest
11월 24일,http://htyrc.bit7.uno
11월 24일,http://bvsx.nksh.beauty
11월 24일,http://noicz.pdai.hair
11월 24일,http://bfzsw.nksh.beauty 
11월 24일,http://mo382.sous.hair
11월 24일,http://xw.cjseoarkp.cn/os6eo5
11월 24일,https://bit.ly/3UWeKQN
11월 24일,http://aeotj.wmeqw.com
11월 25일,http://t2m.kr/FjKHS
11월 25일,http://htcx.dnvi.today
11월 25일,http://jcz3.fkopz.agency
11월 25일,http://TRgf.ptks.hair
11월 25일,http://brtz.erox.agency
11월 25일,http://hjtccb.wuny.casa
11월 25일,http://9hsc.wunrx.quest 
11월 25일,http://rvkoi.sxou.shop
11월 25일,https://plush.link/Hx
11월 25일,https://nanourl.org/j3g
11월 25일,http://hfrdq.nmeo.press
11월 25일,http://bfzsw.nksh.beaut
11월 25일,http://bs.smhkmm.top
11월 25일,http://bit.ly/3zFpjPS
11월 25일,http://khg.dshopfsna.top/lwn7nd
11월 26일,http://nhfcc.oshr.casa
11월 26일,http://hrd3.nksh.beauty
11월 26일,http://ncsz.erox.agency
11월 26일,http://uye3.oiwx.hair
11월 26일,http://kyrdw.poen.hair
11월 26일,http://hrec.wunrx.quest
11월 26일,http://hfw4.uenx.hair
11월 26일,http://sloiz.uisn.hair
11월 26일,https://nuestro.link/28
11월 26일,https://nanourl.org/rML
11월 26일,http://unetx.bit7.ink
11월 27일,xon.do7u.cash
11월 27일,http://ut482.sous.hair
11월 27일,http://ncsz.erox.agency
11월 27일,http://xdiop.zaio.ltd
11월 27일,http://h32s.xnod.hair
11월 27일,https://bit.ly/3OiXOjx 
11월 28일,http://hrd3.nksh.beauty
11월 28일,https://nuestro.link/iy
11월 28일,http://uldrt.nkdt.hair
11월 28일,http://jyes2.xuwo.casa
11월 28일,http://on11.ghh0.eu
11월 28일,http://3dgs.puth.agency
11월 28일,http://hfve.wuny.casa 
11월 28일,http://t5sghs.ztis.casa
11월 28일,http://bit.ly/3aITj3E
11월 28일,nuestro.link/28
11월 28일,nanourl.org/fQs
11월 28일,ghffdg.nksh.beauty
11월 29일,https://nanourl.org/QS5
11월 29일,http://ytrd3.oshc.beauty
11월 29일,http://hjdc.nus7.miami
11월 29일,https://nanourl.org/j3g
11월 29일,http://4fgz.ondue.press
11월 29일,http://jhrx5.oiwx.hair
11월 29일,http://hjtccb.wuny.casa
11월 29일,http://uye3.oiwx.hair
11월 29일,http://jhfcv.nsio.hair
11월 29일,https://plush.link/gtsv
11월 29일,http://htyrc.bit7.uno
11월 29일,http://hfcx.usnv.hair
11월 29일,http://y23.v2te.black
11월 29일,http://hrc.wtbj.hair
11월 29일,http://yfgd3.ponm3.hair
11월 29일,http://jhrx5.oiwx.hair
11월 29일,http://bit.ly/3Pjutql
11월 29일,http://han.gl/GHMzb
11월 30일,http://7ydb.wunrx.quest
11월 30일,http://m14.j0xt.black
11월 30일,http://fdssg3.svyw.hair
11월 30일,https://nanourl.org/GfJ 
11월 30일,http://tuc.bit7.ink
11월 30일,http://hrc.wtbj.hair
11월 30일,http://kut31.xvys.hair
11월 30일,http://tovme.hgyam.com
